-- =============================================================
-- Bereketfide Products + Categories + Library — Live DB Export
-- Generated from live bereketfide DB ($(date))
-- INSERT IGNORE: safe to re-run, existing rows kept.
-- =============================================================

SET NAMES utf8mb4 COLLATE utf8mb4_unicode_ci;

-- ── products ──────────────────────────────────────────────────────────

INSERT IGNORE INTO `products` (`id`, `item_type`, `category_id`, `sub_category_id`, `price`, `image_url`, `storage_asset_id`, `images`, `storage_image_ids`, `is_active`, `is_featured`, `order_num`, `product_code`, `stock_quantity`, `rating`, `review_count`, `botanical_name`, `planting_seasons`, `harvest_days`, `climate_zones`, `soil_types`, `water_need`, `sun_exposure`, `min_temp`, `max_temp`, `germination_days`, `seed_depth_cm`, `row_spacing_cm`, `plant_spacing_cm`, `yield_per_sqm`, `created_at`, `updated_at`) VALUES ('bf-prd-0001','bereketfide','cccc0001-4001-4001-8001-cccccccc0001',NULL,0.00,'/uploads/products/23.27.59.jpeg','bf-prd-img-0005','[\"/uploads/products/23.27.59.jpeg\", \"/uploads/products/23.27.59 (1).jpeg\", \"/uploads/products/23.28.00.jpeg\", \"/uploads/products/23.28.01.jpeg\"]','[]',1,1,10,'BF-DOM-001',0,5.00,0,NULL,'[]',NULL,'[]','[]',NULL,NULL,NULL,NULL,NULL,NULL,NULL,NULL,NULL,'2026-04-13 23:18:21.538','2026-04-16 04:55:14.669');
INSERT IGNORE INTO `products` (`id`, `item_type`, `category_id`, `sub_category_id`, `price`, `image_url`, `storage_asset_id`, `images`, `storage_image_ids`, `is_active`, `is_featured`, `order_num`, `product_code`, `stock_quantity`, `rating`, `review_count`, `botanical_name`, `planting_seasons`, `harvest_days`, `climate_zones`, `soil_types`, `water_need`, `sun_exposure`, `min_temp`, `max_temp`, `germination_days`, `seed_depth_cm`, `row_spacing_cm`, `plant_spacing_cm`, `yield_per_sqm`, `created_at`, `updated_at`) VALUES ('bf-prd-0002','bereketfide','cccc0001-4001-4001-8001-cccccccc0001',NULL,0.00,'/uploads/products/23.28.04.jpeg','bf-prd-img-0008','[\"/uploads/products/23.28.04.jpeg\", \"/uploads/products/23.28.05.jpeg\", \"/uploads/products/23.28.06.jpeg\", \"/uploads/products/23.28.06 (1).jpeg\"]','[]',1,1,20,'BF-DOM-A01',0,5.00,0,NULL,'[]',NULL,'[]','[]',NULL,NULL,NULL,NULL,NULL,NULL,NULL,NULL,NULL,'2026-04-13 23:18:21.538','2026-04-13 23:18:21.538');
INSERT IGNORE INTO `products` (`id`, `item_type`, `category_id`, `sub_category_id`, `price`, `image_url`, `storage_asset_id`, `images`, `storage_image_ids`, `is_active`, `is_featured`, `order_num`, `product_code`, `stock_quantity`, `rating`, `review_count`, `botanical_name`, `planting_seasons`, `harvest_days`, `climate_zones`, `soil_types`, `water_need`, `sun_exposure`, `min_temp`, `max_temp`, `germination_days`, `seed_depth_cm`, `row_spacing_cm`, `plant_spacing_cm`, `yield_per_sqm`, `created_at`, `updated_at`) VALUES ('bf-prd-0003','bereketfide','cccc0002-4002-4002-8002-cccccccc0002',NULL,0.00,'/uploads/products/23.28.07.jpeg','bf-prd-img-0015','[\"/uploads/products/23.28.07.jpeg\", \"/uploads/products/23.28.07 (1).jpeg\", \"/uploads/products/23.28.07 (2).jpeg\", \"/uploads/products/23.28.07 (3).jpeg\"]','[]',1,1,30,'BF-BIB-001',0,5.00,0,NULL,'[]',NULL,'[]','[]',NULL,NULL,NULL,NULL,NULL,NULL,NULL,NULL,NULL,'2026-04-13 23:18:21.538','2026-04-13 23:18:21.538');
INSERT IGNORE INTO `products` (`id`, `item_type`, `category_id`, `sub_category_id`, `price`, `image_url`, `storage_asset_id`, `images`, `storage_image_ids`, `is_active`, `is_featured`, `order_num`, `product_code`, `stock_quantity`, `rating`, `review_count`, `botanical_name`, `planting_seasons`, `harvest_days`, `climate_zones`, `soil_types`, `water_need`, `sun_exposure`, `min_temp`, `max_temp`, `germination_days`, `seed_depth_cm`, `row_spacing_cm`, `plant_spacing_cm`, `yield_per_sqm`, `created_at`, `updated_at`) VALUES ('bf-prd-0004','bereketfide','cccc0004-4004-4004-8004-cccccccc0004',NULL,0.00,'/uploads/products/23.28.08.jpeg','bf-prd-img-0019','[\"/uploads/products/23.28.08.jpeg\", \"/uploads/products/23.28.08 (1).jpeg\", \"/uploads/products/23.28.08 (2).jpeg\", \"/uploads/products/23.28.08 (3).jpeg\", \"/uploads/products/23.28.09.jpeg\", \"/uploads/products/23.28.09 (1).jpeg\", \"/uploads/products/23.28.09 (2).jpeg\"]','[]',1,1,40,'BF-PAT-A01',0,5.00,0,NULL,'[]',NULL,'[]','[]',NULL,NULL,NULL,NULL,NULL,NULL,NULL,NULL,NULL,'2026-04-13 23:18:21.538','2026-04-16 04:57:43.770');
INSERT IGNORE INTO `products` (`id`, `item_type`, `category_id`, `sub_category_id`, `price`, `image_url`, `storage_asset_id`, `images`, `storage_image_ids`, `is_active`, `is_featured`, `order_num`, `product_code`, `stock_quantity`, `rating`, `review_count`, `botanical_name`, `planting_seasons`, `harvest_days`, `climate_zones`, `soil_types`, `water_need`, `sun_exposure`, `min_temp`, `max_temp`, `germination_days`, `seed_depth_cm`, `row_spacing_cm`, `plant_spacing_cm`, `yield_per_sqm`, `created_at`, `updated_at`) VALUES ('bf-prd-0006','bereketfide','cccc0003-4003-4003-8003-cccccccc0003',NULL,0.00,'/uploads/products/23.28.36 (2).jpeg',NULL,'[\"/uploads/products/23.28.15 (3).jpeg\", \"/uploads/products/23.28.37.jpeg\", \"/uploads/products/23.28.16 (2).jpeg\", \"/uploads/products/23.28.36 (4).jpeg\"]','[]',1,1,55,'BF-HIY-001',0,5.00,0,NULL,'[]',NULL,'[]','[]',NULL,NULL,NULL,NULL,NULL,NULL,NULL,NULL,NULL,'2026-04-13 23:18:21.538','2026-04-16 04:54:14.265');
INSERT IGNORE INTO `products` (`id`, `item_type`, `category_id`, `sub_category_id`, `price`, `image_url`, `storage_asset_id`, `images`, `storage_image_ids`, `is_active`, `is_featured`, `order_num`, `product_code`, `stock_quantity`, `rating`, `review_count`, `botanical_name`, `planting_seasons`, `harvest_days`, `climate_zones`, `soil_types`, `water_need`, `sun_exposure`, `min_temp`, `max_temp`, `germination_days`, `seed_depth_cm`, `row_spacing_cm`, `plant_spacing_cm`, `yield_per_sqm`, `created_at`, `updated_at`) VALUES ('bf-prd-0007','bereketfide','cccc0005-4005-4005-8005-cccccccc0005',NULL,0.00,'https://res.cloudinary.com/dbozv7wqd/image/upload/v1776315080/uploads/IMG_3001.jpg',NULL,'[\"https://res.cloudinary.com/dbozv7wqd/image/upload/v1776315101/uploads/gallery/IMG_2999.jpg\", \"https://res.cloudinary.com/dbozv7wqd/image/upload/v1776315100/uploads/gallery/IMG_2998.jpg\", \"https://res.cloudinary.com/dbozv7wqd/image/upload/v1776315101/uploads/gallery/IMG_2997.jpg\", \"https://res.cloudinary.com/dbozv7wqd/image/upload/v1776315101/uploads/gallery/IMG_2996.jpg\", \"https://res.cloudinary.com/dbozv7wqd/image/upload/v1776315101/uploads/gallery/IMG_3001.jpg\"]','[]',1,1,60,'BF-KAV-001',0,5.00,0,NULL,'[]',NULL,'[]','[]',NULL,NULL,NULL,NULL,NULL,NULL,NULL,NULL,NULL,'2026-04-13 23:18:21.538','2026-04-16 04:51:54.042');
INSERT IGNORE INTO `products` (`id`, `item_type`, `category_id`, `sub_category_id`, `price`, `image_url`, `storage_asset_id`, `images`, `storage_image_ids`, `is_active`, `is_featured`, `order_num`, `product_code`, `stock_quantity`, `rating`, `review_count`, `botanical_name`, `planting_seasons`, `harvest_days`, `climate_zones`, `soil_types`, `water_need`, `sun_exposure`, `min_temp`, `max_temp`, `germination_days`, `seed_depth_cm`, `row_spacing_cm`, `plant_spacing_cm`, `yield_per_sqm`, `created_at`, `updated_at`) VALUES ('bf-prd-0008','bereketfide','cccc0006-4006-4006-8006-cccccccc0006',NULL,0.00,'/uploads/products/23.28.17 (1).jpeg',NULL,'[\"/uploads/products/23.28.17 (3).jpeg\", \"/uploads/products/23.28.31.jpeg\", \"/uploads/products/23.28.17 (2).jpeg\"]','[]',1,1,70,'BF-KAR-A01',0,5.00,0,NULL,'[]',NULL,'[]','[]',NULL,NULL,NULL,NULL,NULL,NULL,NULL,NULL,NULL,'2026-04-13 23:18:21.538','2026-04-16 04:49:11.057');
INSERT IGNORE INTO `product_i18n` (`product_id`, `locale`, `title`, `slug`, `description`, `alt`, `tags`, `specifications`, `meta_title`, `meta_description`, `created_at`, `updated_at`) VALUES ('bf-prd-0001','en','Standard Tomato Seedling','standard-tomato-seedling','<p>Standard (non-grafted) tomato seedlings produced to Bereket Fide quality standards. Suitable for open-field and greenhouse cultivation, with strong root systems and early harvest potential.</p>','Standard Tomato Seedling — Bereket Fide','[\"tomato\", \"seedling\", \"non-grafted\", \"standard\"]','{\"type\": \"Non-grafted / Standard\", \"yield\": \"High\", \"category\": \"Tomato\", \"production\": \"Open field & Greenhouse\"}','Standard Tomato Seedling | Bereket Fide','High-yield, disease-resistant standard tomato seedlings. Assured by Bereket Fide.','2026-04-13 23:18:21.539','2026-04-16 04:55:14.669');
INSERT IGNORE INTO `product_i18n` (`product_id`, `locale`, `title`, `slug`, `description`, `alt`, `tags`, `specifications`, `meta_title`, `meta_description`, `created_at`, `updated_at`) VALUES ('bf-prd-0001','tr','Düz Domates Fidesi','duz-domates-fidesi','<p>Bereket Fide kalite standartlarında üretilen, yüksek verimli aşısız düz domates fidesi. Açık tarla ve sera yetiştiriciliğine uygun, güçlü kök yapısına sahip, erken hasat imkanı sunan çeşitlerden üretilmektedir.</p>','Aşısız Düz Domates Fidesi — Bereket Fide','[\"domates\", \"fide\", \"aşısız\", \"düz domates\"]','{\"tip\": \"Aşısız / Düz\", \"verim\": \"Yüksek\", \"üretim\": \"Açık tarla & Sera\", \"kategori\": \"Domates\"}','Aşısız Düz Domates Fidesi | Bereket Fide','Yüksek verimli, hastalıklara dayanıklı aşısız düz domates fideleri. Bereket Fide güvencesiyle.','2026-04-13 23:18:21.539','2026-04-16 04:54:49.823');
INSERT IGNORE INTO `product_i18n` (`product_id`, `locale`, `title`, `slug`, `description`, `alt`, `tags`, `specifications`, `meta_title`, `meta_description`, `created_at`, `updated_at`) VALUES ('bf-prd-0002','en','Grafted Tomato Seedling','grafted-tomato-seedling','<p>Grafted tomato seedlings on special rootstocks, fully resistant to soil-borne diseases with maximized fruit quality. Provides high yield throughout the long production season with strong root structure for stress resilience.</p>','Grafted Tomato Seedling — Bereket Fide','[\"grafted\", \"tomato\", \"high yield\", \"resistant\"]','{\"type\": \"Grafted\", \"category\": \"Tomato\", \"rootstock\": \"Special selection\", \"resistance\": \"Maximum\"}','Grafted Tomato Seedling | Bereket Fide','Soil-borne disease resistant, long-season high-quality grafted tomato seedlings.','2026-04-13 23:18:21.539','2026-04-13 23:18:21.539');
INSERT IGNORE INTO `product_i18n` (`product_id`, `locale`, `title`, `slug`, `description`, `alt`, `tags`, `specifications`, `meta_title`, `meta_description`, `created_at`, `updated_at`) VALUES ('bf-prd-0002','tr','Aşılı Domates Fidesi','asili-domates-fidesi','<p>Özel anaçlar üzerine aşılanmış, toprak kökenli hastalıklara karşı tam dayanıklı ve meyve kalitesi maksimize edilmiş aşılı domates fidesi. Uzun üretim sezonu boyunca yüksek verim sağlar, kök yapısı güçlü olduğundan stres koşullarına karşı dayanıklıdır.</p>','Aşılı Domates Fidesi — Bereket Fide','[\"aşılı\", \"domates\", \"yüksek verim\", \"dayanıklı\"]','{\"tip\": \"Aşılı\", \"anaç\": \"Özel seleksiyon\", \"kategori\": \"Domates\", \"dayanıklılık\": \"Maksimum\"}','Aşılı Domates Fidesi | Bereket Fide','Toprak kökenli hastalıklara dayanıklı, uzun sezon yüksek kaliteli aşılı domates fideleri.','2026-04-13 23:18:21.539','2026-04-13 23:18:21.539');
INSERT IGNORE INTO `product_i18n` (`product_id`, `locale`, `title`, `slug`, `description`, `alt`, `tags`, `specifications`, `meta_title`, `meta_description`, `created_at`, `updated_at`) VALUES ('bf-prd-0003','en','Pepper Seedling','pepper-seedling','<p>Pepper seedlings offering the best yield in sweet, hot, bell, and long pepper varieties. Suitable for greenhouse and open-field conditions, standing out with strong plant structure and high fruit quality.</p>','Pepper Seedling — Bereket Fide','[\"pepper\", \"seedling\", \"sweet pepper\", \"hot pepper\", \"bell pepper\"]','{\"type\": \"Various\", \"category\": \"Pepper\", \"varieties\": \"Sweet, Hot, Bell, Long\"}','Pepper Seedling | Bereket Fide','Quality and productive pepper seedlings. Sweet, hot, bell and long pepper varieties.','2026-04-13 23:18:21.539','2026-04-13 23:18:21.539');
INSERT IGNORE INTO `product_i18n` (`product_id`, `locale`, `title`, `slug`, `description`, `alt`, `tags`, `specifications`, `meta_title`, `meta_description`, `created_at`, `updated_at`) VALUES ('bf-prd-0003','tr','Biber Fidesi','biber-fidesi','<p>Tatlı, acı, dolmalık ve sivri biber çeşitlerinde en iyi verimi sunan biber fideleri. Sera ve açık tarla koşullarına uygun, güçlü bitki yapısı ve yüksek meyve kalitesi ile öne çıkar.</p>','Biber Fidesi — Bereket Fide','[\"biber\", \"fide\", \"tatlı biber\", \"acı biber\", \"dolmalık\"]','{\"tip\": \"Çeşitli\", \"kategori\": \"Biber\", \"çeşitler\": \"Tatlı, Acı, Dolmalık, Sivri\"}','Biber Fidesi | Bereket Fide','Kaliteli ve verimli biber fideleri. Tatlı, acı, dolmalık ve sivri biber çeşitleri.','2026-04-13 23:18:21.539','2026-04-13 23:18:21.539');
INSERT IGNORE INTO `product_i18n` (`product_id`, `locale`, `title`, `slug`, `description`, `alt`, `tags`, `specifications`, `meta_title`, `meta_description`, `created_at`, `updated_at`) VALUES ('bf-prd-0004','en','Grafted Eggplant Seedling','grafted-eggplant-seedling','<p>Eggplant seedlings grafted onto strong rootstocks provide superior resistance to soil-borne diseases. Ideal for longer harvest periods and higher yields.</p>','Grafted Pepper Seedling — Bereket Fide','[\"grafted\", \"pepper\", \"resistant\", \"high yield\"]','{\"type\": \"Grafted\", \"category\": \"Pepper\", \"resistance\": \"High\"}','Grafted Pepper Seedling | Bereket Fide','Soil-disease resistant, high-yield grafted pepper seedlings.','2026-04-13 23:18:21.539','2026-04-16 04:57:43.770');
INSERT IGNORE INTO `product_i18n` (`product_id`, `locale`, `title`, `slug`, `description`, `alt`, `tags`, `specifications`, `meta_title`, `meta_description`, `created_at`, `updated_at`) VALUES ('bf-prd-0004','tr','Aşılı Patlıcan Fidesi','asili-patlican-fidesi','<p>Güçlü anaçlar üzerine aşılanan patlıcan fideleri, toprak kaynaklı hastalıklara karşı üstün dayanıklılık sağlar. Daha uzun hasat dönemi ve daha yüksek verim için idealdir.</p>','Aşılı Biber Fidesi — Bereket Fide','[\"aşılı\", \"biber\", \"dayanıklı\", \"yüksek verim\"]','{\"tip\": \"Aşılı\", \"kategori\": \"Biber\", \"dayanıklılık\": \"Yüksek\"}','Aşılı Biber Fidesi | Bereket Fide','Toprak hastalıklarına dayanıklı, yüksek verimli aşılı biber fideleri.','2026-04-13 23:18:21.539','2026-04-16 04:56:59.848');
INSERT IGNORE INTO `product_i18n` (`product_id`, `locale`, `title`, `slug`, `description`, `alt`, `tags`, `specifications`, `meta_title`, `meta_description`, `created_at`, `updated_at`) VALUES ('bf-prd-0006','en','Snack Cucumber Seedling','snack-cucumber-seedling','<p>Snack cucumber seedlings suitable for greenhouse and open-field conditions. With thin skin, crispy and flavorful fruit structure, ideal for fresh consumption. Offers early harvest and high yield potential.</p>','Snack Cucumber Seedling — Bereket Fide','[\"snack cucumber\", \"seedling\", \"greenhouse\", \"table\"]','{\"type\": \"Standard\", \"usage\": \"Fresh consumption\", \"category\": \"Snack Cucumber\", \"cultivation\": \"Greenhouse & Open field\"}','Snack Cucumber Seedling | Bereket Fide','High-yield snack cucumber seedlings for greenhouse and open field. Assured by Bereket Fide.','2026-04-13 23:18:21.539','2026-04-13 23:18:21.539');
INSERT IGNORE INTO `product_i18n` (`product_id`, `locale`, `title`, `slug`, `description`, `alt`, `tags`, `specifications`, `meta_title`, `meta_description`, `created_at`, `updated_at`) VALUES ('bf-prd-0006','tr','Hıyar Fidesi','hiyar-fidesi','<p>Sera ve açık tarla koşullarına uygun hıyar fideleri. İnce kabuklu, çıtır ve lezzetli meyve yapısıyla sofralık tüketime idealdir. Erken hasat imkanı ve yüksek verim potansiyeli sunar.</p>','Hıyar Fidesi — Bereket Fide','[\"hıyar\", \"fide\", \"sera\", \"sofralık\"]','{\"tip\": \"Normal\", \"kategori\": \"Hıyar\", \"kullanım\": \"Sofralık\", \"yetiştiriclik\": \"Sera & Açık tarla\"}','Hıyar Fidesi | Bereket Fide','Sera ve açık tarla için uygun, yüksek verimli hıyar fideleri. Bereket Fide güvencesiyle.','2026-04-13 23:18:21.539','2026-04-16 04:54:14.265');
INSERT IGNORE INTO `product_i18n` (`product_id`, `locale`, `title`, `slug`, `description`, `alt`, `tags`, `specifications`, `meta_title`, `meta_description`, `created_at`, `updated_at`) VALUES ('bf-prd-0007','en','Melon Seedling','melon-seedling','<p>Melon seedlings produced from aromatic and sweet melon varieties. Distinguished by strong root structure, early maturation and high sugar content. Best suited for open-field cultivation.</p>','Melon Seedling — Bereket Fide','[\"melon\", \"seedling\", \"sweet melon\", \"open field\"]','{\"type\": \"Standard\", \"flavor\": \"High sugar content\", \"category\": \"Melon\", \"cultivation\": \"Open field\"}','Melon Seedling | Bereket Fide','Aromatic, sweet and high-yield melon seedlings. Bereket Fide quality assured.','2026-04-13 23:18:21.539','2026-04-13 23:18:21.539');
INSERT IGNORE INTO `product_i18n` (`product_id`, `locale`, `title`, `slug`, `description`, `alt`, `tags`, `specifications`, `meta_title`, `meta_description`, `created_at`, `updated_at`) VALUES ('bf-prd-0007','tr','Kavun Fidesi','kavun-fidesi','<p>Aromatik ve tatlı kavun çeşitlerinden üretilen kavun fideleri. Güçlü kök yapısı, erken olgunlaşma ve yüksek şeker oranı ile öne çıkar. Açık tarla yetiştiriciliğine en uygun fide çeşitleri.</p>','Kavun Fidesi — Bereket Fide','[\"kavun\", \"fide\", \"tatlı kavun\", \"açık tarla\"]','{\"tip\": \"Normal\", \"lezzet\": \"Yüksek şeker oranı\", \"kategori\": \"Kavun\", \"yetiştiriclik\": \"Açık tarla\"}','Kavun Fidesi | Bereket Fide','Aromatik, tatlı ve yüksek verimli kavun fideleri. Bereket Fide kalitesiyle.','2026-04-13 23:18:21.539','2026-04-16 04:51:54.042');
INSERT IGNORE INTO `product_i18n` (`product_id`, `locale`, `title`, `slug`, `description`, `alt`, `tags`, `specifications`, `meta_title`, `meta_description`, `created_at`, `updated_at`) VALUES ('bf-prd-0008','en','Grafted Watermelon Seedling','grafted-watermelon-seedling','<p>Watermelon seedlings grafted onto special squash rootstocks provide full resistance to fusarium wilt and soil-borne diseases. Offers large fruit size, high sugar content and long shelf life. Ideal for professional greenhouse and open-field growers.</p>','Grafted Watermelon Seedling — Bereket Fide','[\"grafted\", \"watermelon\", \"resistant\", \"large fruit\", \"fusarium\"]','{\"type\": \"Grafted\", \"category\": \"Watermelon\", \"rootstock\": \"Squash rootstock\", \"resistance\": \"Fusarium & Soil diseases\"}','Grafted Watermelon Seedling | Bereket Fide','Fusarium and soil-disease resistant, large-fruited grafted watermelon seedlings.','2026-04-13 23:18:21.539','2026-04-13 23:18:21.539');
INSERT IGNORE INTO `product_i18n` (`product_id`, `locale`, `title`, `slug`, `description`, `alt`, `tags`, `specifications`, `meta_title`, `meta_description`, `created_at`, `updated_at`) VALUES ('bf-prd-0008','tr','Aşılı Karpuz Fidesi','asili-karpuz-fidesi','<p>Özel kabak anaçları üzerine aşılanan karpuz fideleri, fusarium solgunluğuna ve toprak kökenli hastalıklara karşı tam dayanıklılık sağlar. Büyük meyve boyutu, yüksek şeker oranı ve uzun raf ömrü sunar. Profesyonel sera ve açık tarla üreticileri için idealdir.</p>','Aşılı Karpuz Fidesi — Bereket Fide','[\"aşılı\", \"karpuz\", \"dayanıklı\", \"büyük meyve\", \"fusarium\"]','{\"tip\": \"Aşılı\", \"anaç\": \"Kabak anacı\", \"kategori\": \"Karpuz\", \"dayanıklılık\": \"Fusarium & Toprak hastalıkları\"}','Aşılı Karpuz Fidesi | Bereket Fide','Fusarium ve toprak hastalıklarına dayanıklı, büyük meyveli aşılı karpuz fideleri.','2026-04-13 23:18:21.539','2026-04-16 04:49:11.057');

-- ── categories ──────────────────────────────────────────────────────────

INSERT IGNORE INTO `categories` (`id`, `module_key`, `image_url`, `storage_asset_id`, `alt`, `icon`, `is_active`, `is_featured`, `display_order`, `created_at`, `updated_at`) VALUES ('bccc0001-4001-4001-8001-bbcccccc0001','blog',NULL,NULL,NULL,NULL,1,1,10,'2026-04-13 23:18:21.499','2026-04-13 23:18:21.499');
INSERT IGNORE INTO `categories` (`id`, `module_key`, `image_url`, `storage_asset_id`, `alt`, `icon`, `is_active`, `is_featured`, `display_order`, `created_at`, `updated_at`) VALUES ('bccc0002-4002-4002-8002-bbcccccc0002','blog',NULL,NULL,NULL,NULL,1,1,20,'2026-04-13 23:18:21.499','2026-04-13 23:18:21.499');
INSERT IGNORE INTO `categories` (`id`, `module_key`, `image_url`, `storage_asset_id`, `alt`, `icon`, `is_active`, `is_featured`, `display_order`, `created_at`, `updated_at`) VALUES ('bccc0003-4003-4003-8003-bbcccccc0003','blog',NULL,NULL,NULL,NULL,1,1,30,'2026-04-13 23:18:21.499','2026-04-13 23:18:21.499');
INSERT IGNORE INTO `categories` (`id`, `module_key`, `image_url`, `storage_asset_id`, `alt`, `icon`, `is_active`, `is_featured`, `display_order`, `created_at`, `updated_at`) VALUES ('cccc0001-4001-4001-8001-cccccccc0001','bereketfide',NULL,NULL,NULL,NULL,1,1,10,'2026-04-13 23:18:21.459','2026-04-13 23:18:21.459');
INSERT IGNORE INTO `categories` (`id`, `module_key`, `image_url`, `storage_asset_id`, `alt`, `icon`, `is_active`, `is_featured`, `display_order`, `created_at`, `updated_at`) VALUES ('cccc0002-4002-4002-8002-cccccccc0002','bereketfide',NULL,NULL,NULL,NULL,1,1,20,'2026-04-13 23:18:21.459','2026-04-13 23:18:21.459');
INSERT IGNORE INTO `categories` (`id`, `module_key`, `image_url`, `storage_asset_id`, `alt`, `icon`, `is_active`, `is_featured`, `display_order`, `created_at`, `updated_at`) VALUES ('cccc0003-4003-4003-8003-cccccccc0003','bereketfide',NULL,NULL,NULL,NULL,1,1,30,'2026-04-13 23:18:21.459','2026-04-13 23:18:21.459');
INSERT IGNORE INTO `categories` (`id`, `module_key`, `image_url`, `storage_asset_id`, `alt`, `icon`, `is_active`, `is_featured`, `display_order`, `created_at`, `updated_at`) VALUES ('cccc0004-4004-4004-8004-cccccccc0004','bereketfide',NULL,NULL,NULL,NULL,1,1,40,'2026-04-13 23:18:21.459','2026-04-13 23:18:21.459');
INSERT IGNORE INTO `categories` (`id`, `module_key`, `image_url`, `storage_asset_id`, `alt`, `icon`, `is_active`, `is_featured`, `display_order`, `created_at`, `updated_at`) VALUES ('cccc0005-4005-4005-8005-cccccccc0005','bereketfide',NULL,NULL,NULL,NULL,1,1,50,'2026-04-13 23:18:21.459','2026-04-13 23:18:21.459');
INSERT IGNORE INTO `categories` (`id`, `module_key`, `image_url`, `storage_asset_id`, `alt`, `icon`, `is_active`, `is_featured`, `display_order`, `created_at`, `updated_at`) VALUES ('cccc0006-4006-4006-8006-cccccccc0006','bereketfide',NULL,NULL,NULL,NULL,1,1,60,'2026-04-13 23:18:21.459','2026-04-13 23:18:21.459');
INSERT IGNORE INTO `categories` (`id`, `module_key`, `image_url`, `storage_asset_id`, `alt`, `icon`, `is_active`, `is_featured`, `display_order`, `created_at`, `updated_at`) VALUES ('cccc0007-4007-4007-8007-cccccccc0007','bereketfide',NULL,NULL,NULL,NULL,1,1,70,'2026-04-13 23:18:21.459','2026-04-13 23:18:21.459');
INSERT IGNORE INTO `categories` (`id`, `module_key`, `image_url`, `storage_asset_id`, `alt`, `icon`, `is_active`, `is_featured`, `display_order`, `created_at`, `updated_at`) VALUES ('nccc0001-4001-4001-8001-nncccccc0001','news',NULL,NULL,NULL,NULL,1,1,10,'2026-04-13 23:18:21.575','2026-04-13 23:18:21.575');
INSERT IGNORE INTO `categories` (`id`, `module_key`, `image_url`, `storage_asset_id`, `alt`, `icon`, `is_active`, `is_featured`, `display_order`, `created_at`, `updated_at`) VALUES ('nccc0002-4002-4002-8002-nncccccc0002','news',NULL,NULL,NULL,NULL,1,1,20,'2026-04-13 23:18:21.575','2026-04-13 23:18:21.575');
INSERT IGNORE INTO `categories` (`id`, `module_key`, `image_url`, `storage_asset_id`, `alt`, `icon`, `is_active`, `is_featured`, `display_order`, `created_at`, `updated_at`) VALUES ('nccc0003-4003-4003-8003-nncccccc0003','news',NULL,NULL,NULL,NULL,1,0,30,'2026-04-13 23:18:21.575','2026-04-13 23:18:21.575');
INSERT IGNORE INTO `categories` (`id`, `module_key`, `image_url`, `storage_asset_id`, `alt`, `icon`, `is_active`, `is_featured`, `display_order`, `created_at`, `updated_at`) VALUES ('nccc0004-4004-4004-8004-nncccccc0004','news',NULL,NULL,NULL,NULL,1,0,40,'2026-04-13 23:18:21.575','2026-04-13 23:18:21.575');
INSERT IGNORE INTO `categories` (`id`, `module_key`, `image_url`, `storage_asset_id`, `alt`, `icon`, `is_active`, `is_featured`, `display_order`, `created_at`, `updated_at`) VALUES ('nccc0005-4005-4005-8005-nncccccc0005','news',NULL,NULL,NULL,NULL,1,0,50,'2026-04-13 23:18:21.575','2026-04-13 23:18:21.575');
INSERT IGNORE INTO `category_i18n` (`category_id`, `locale`, `name`, `slug`, `description`, `alt`, `i18n_data`, `meta_title`, `meta_description`, `created_at`, `updated_at`) VALUES ('bccc0001-4001-4001-8001-bbcccccc0001','en','Production Guides','production-guides','Technical guides for seedling production and care',NULL,NULL,NULL,NULL,'2026-04-13 23:18:21.500','2026-04-13 23:18:21.500');
INSERT IGNORE INTO `category_i18n` (`category_id`, `locale`, `name`, `slug`, `description`, `alt`, `i18n_data`, `meta_title`, `meta_description`, `created_at`, `updated_at`) VALUES ('bccc0001-4001-4001-8001-bbcccccc0001','tr','Üretim Rehberleri','uretim-rehberleri','Fide üretimi ve bakımı hakkında teknik rehberler',NULL,NULL,NULL,NULL,'2026-04-13 23:18:21.499','2026-04-13 23:18:21.499');
INSERT IGNORE INTO `category_i18n` (`category_id`, `locale`, `name`, `slug`, `description`, `alt`, `i18n_data`, `meta_title`, `meta_description`, `created_at`, `updated_at`) VALUES ('bccc0002-4002-4002-8002-bbcccccc0002','en','Agricultural Innovation','agricultural-innovation','Modern farming techniques and innovative approaches',NULL,NULL,NULL,NULL,'2026-04-13 23:18:21.500','2026-04-13 23:18:21.500');
INSERT IGNORE INTO `category_i18n` (`category_id`, `locale`, `name`, `slug`, `description`, `alt`, `i18n_data`, `meta_title`, `meta_description`, `created_at`, `updated_at`) VALUES ('bccc0002-4002-4002-8002-bbcccccc0002','tr','Tarımsal İnovasyon','tarimsal-inovasyon','Modern tarım teknikleri ve yenilikçi yaklaşımlar',NULL,NULL,NULL,NULL,'2026-04-13 23:18:21.499','2026-04-13 23:18:21.499');
INSERT IGNORE INTO `category_i18n` (`category_id`, `locale`, `name`, `slug`, `description`, `alt`, `i18n_data`, `meta_title`, `meta_description`, `created_at`, `updated_at`) VALUES ('bccc0003-4003-4003-8003-bbcccccc0003','en','Information','information','General agricultural info and announcements',NULL,NULL,NULL,NULL,'2026-04-13 23:18:21.500','2026-04-13 23:18:21.500');
INSERT IGNORE INTO `category_i18n` (`category_id`, `locale`, `name`, `slug`, `description`, `alt`, `i18n_data`, `meta_title`, `meta_description`, `created_at`, `updated_at`) VALUES ('bccc0003-4003-4003-8003-bbcccccc0003','tr','Bilgilendirme','bilgilendirme','Genel tarımsal bilgiler ve duyurular',NULL,NULL,NULL,NULL,'2026-04-13 23:18:21.499','2026-04-13 23:18:21.499');
INSERT IGNORE INTO `category_i18n` (`category_id`, `locale`, `name`, `slug`, `description`, `alt`, `i18n_data`, `meta_title`, `meta_description`, `created_at`, `updated_at`) VALUES ('cccc0001-4001-4001-8001-cccccccc0001','en','Tomato Seedlings','tomato-seedlings','High-yield, disease-resistant normal and grafted tomato seedlings.',NULL,NULL,NULL,NULL,'2026-04-13 23:18:21.460','2026-04-13 23:18:21.460');
INSERT IGNORE INTO `category_i18n` (`category_id`, `locale`, `name`, `slug`, `description`, `alt`, `i18n_data`, `meta_title`, `meta_description`, `created_at`, `updated_at`) VALUES ('cccc0001-4001-4001-8001-cccccccc0001','tr','Domates Fideleri','domates-fideleri','Yüksek verimli, hastalıklara dayanıklı normal ve aşılı domates fideleri.',NULL,NULL,NULL,NULL,'2026-04-13 23:18:21.460','2026-04-13 23:18:21.460');
INSERT IGNORE INTO `category_i18n` (`category_id`, `locale`, `name`, `slug`, `description`, `alt`, `i18n_data`, `meta_title`, `meta_description`, `created_at`, `updated_at`) VALUES ('cccc0002-4002-4002-8002-cccccccc0002','en','Pepper Seedlings','pepper-seedlings','Quality seedlings for hot, sweet, bell, and long pepper varieties.',NULL,NULL,NULL,NULL,'2026-04-13 23:18:21.460','2026-04-13 23:18:21.460');
INSERT IGNORE INTO `category_i18n` (`category_id`, `locale`, `name`, `slug`, `description`, `alt`, `i18n_data`, `meta_title`, `meta_description`, `created_at`, `updated_at`) VALUES ('cccc0002-4002-4002-8002-cccccccc0002','tr','Biber Fideleri','biber-fideleri','Acı, tatlı, dolmalık ve sivri biber çeşitleri için kaliteli fideler.',NULL,NULL,NULL,NULL,'2026-04-13 23:18:21.460','2026-04-13 23:18:21.460');
INSERT IGNORE INTO `category_i18n` (`category_id`, `locale`, `name`, `slug`, `description`, `alt`, `i18n_data`, `meta_title`, `meta_description`, `created_at`, `updated_at`) VALUES ('cccc0003-4003-4003-8003-cccccccc0003','en','Cucumber Seedlings','cucumber-seedlings','Cucumber seedlings suitable for greenhouse and open field cultivation.',NULL,NULL,NULL,NULL,'2026-04-13 23:18:21.460','2026-04-13 23:18:21.460');
INSERT IGNORE INTO `category_i18n` (`category_id`, `locale`, `name`, `slug`, `description`, `alt`, `i18n_data`, `meta_title`, `meta_description`, `created_at`, `updated_at`) VALUES ('cccc0003-4003-4003-8003-cccccccc0003','tr','Salatalık Fideleri','salatalik-fideleri','Sera ve açık alan yetiştiriciliğine uygun salatalık fideleri.',NULL,NULL,NULL,NULL,'2026-04-13 23:18:21.460','2026-04-13 23:18:21.460');
INSERT IGNORE INTO `category_i18n` (`category_id`, `locale`, `name`, `slug`, `description`, `alt`, `i18n_data`, `meta_title`, `meta_description`, `created_at`, `updated_at`) VALUES ('cccc0004-4004-4004-8004-cccccccc0004','en','Eggplant Seedlings','eggplant-seedlings','High-yield eggplant seedlings with strong root structures.',NULL,NULL,NULL,NULL,'2026-04-13 23:18:21.460','2026-04-13 23:18:21.460');
INSERT IGNORE INTO `category_i18n` (`category_id`, `locale`, `name`, `slug`, `description`, `alt`, `i18n_data`, `meta_title`, `meta_description`, `created_at`, `updated_at`) VALUES ('cccc0004-4004-4004-8004-cccccccc0004','tr','Patlıcan Fideleri','patlican-fideleri','Güçlü kök yapısına sahip, yüksek verimli patlıcan fideleri.',NULL,NULL,NULL,NULL,'2026-04-13 23:18:21.460','2026-04-13 23:18:21.460');
INSERT IGNORE INTO `category_i18n` (`category_id`, `locale`, `name`, `slug`, `description`, `alt`, `i18n_data`, `meta_title`, `meta_description`, `created_at`, `updated_at`) VALUES ('cccc0005-4005-4005-8005-cccccccc0005','en','Melon Seedlings','melon-seedlings','Melon seedling varieties with high taste and aroma quality.',NULL,NULL,NULL,NULL,'2026-04-13 23:18:21.460','2026-04-13 23:18:21.460');
INSERT IGNORE INTO `category_i18n` (`category_id`, `locale`, `name`, `slug`, `description`, `alt`, `i18n_data`, `meta_title`, `meta_description`, `created_at`, `updated_at`) VALUES ('cccc0005-4005-4005-8005-cccccccc0005','tr','Kavun Fideleri','kavun-fideleri','Tat ve aroma kalitesi yüksek kavun fidesi çeşitleri.',NULL,NULL,NULL,NULL,'2026-04-13 23:18:21.460','2026-04-13 23:18:21.460');
INSERT IGNORE INTO `category_i18n` (`category_id`, `locale`, `name`, `slug`, `description`, `alt`, `i18n_data`, `meta_title`, `meta_description`, `created_at`, `updated_at`) VALUES ('cccc0006-4006-4006-8006-cccccccc0006','en','Watermelon Seedlings','watermelon-seedlings','Early and high-sugar content watermelon seedlings.',NULL,NULL,NULL,NULL,'2026-04-13 23:18:21.460','2026-04-13 23:18:21.460');
INSERT IGNORE INTO `category_i18n` (`category_id`, `locale`, `name`, `slug`, `description`, `alt`, `i18n_data`, `meta_title`, `meta_description`, `created_at`, `updated_at`) VALUES ('cccc0006-4006-4006-8006-cccccccc0006','tr','Karpuz Fideleri','karpuz-fideleri','Erkenci ve yüksek şeker oranlı karpuz fideleri.',NULL,NULL,NULL,NULL,'2026-04-13 23:18:21.460','2026-04-13 23:18:21.460');
INSERT IGNORE INTO `category_i18n` (`category_id`, `locale`, `name`, `slug`, `description`, `alt`, `i18n_data`, `meta_title`, `meta_description`, `created_at`, `updated_at`) VALUES ('cccc0007-4007-4007-8007-cccccccc0007','en','Squash Seedlings','squash-seedlings','Productive and quality squash seedling production.',NULL,NULL,NULL,NULL,'2026-04-13 23:18:21.460','2026-04-13 23:18:21.460');
INSERT IGNORE INTO `category_i18n` (`category_id`, `locale`, `name`, `slug`, `description`, `alt`, `i18n_data`, `meta_title`, `meta_description`, `created_at`, `updated_at`) VALUES ('cccc0007-4007-4007-8007-cccccccc0007','tr','Kabak Fideleri','kabak-fideleri','Verimli ve kaliteli kabak fidesi üretimi.',NULL,NULL,NULL,NULL,'2026-04-13 23:18:21.460','2026-04-13 23:18:21.460');
INSERT IGNORE INTO `category_i18n` (`category_id`, `locale`, `name`, `slug`, `description`, `alt`, `i18n_data`, `meta_title`, `meta_description`, `created_at`, `updated_at`) VALUES ('nccc0001-4001-4001-8001-nncccccc0001','en','Farmer Interviews','farmer-interviews','Interviews and conversations with producers',NULL,NULL,NULL,NULL,'2026-04-13 23:18:21.576','2026-04-13 23:18:21.576');
INSERT IGNORE INTO `category_i18n` (`category_id`, `locale`, `name`, `slug`, `description`, `alt`, `i18n_data`, `meta_title`, `meta_description`, `created_at`, `updated_at`) VALUES ('nccc0001-4001-4001-8001-nncccccc0001','tr','Çiftçi Röportajları','ciftci-roportajlari','Üreticilerimizle tarım ve fide üzerine söyleşiler',NULL,NULL,NULL,NULL,'2026-04-13 23:18:21.576','2026-04-13 23:18:21.576');
INSERT IGNORE INTO `category_i18n` (`category_id`, `locale`, `name`, `slug`, `description`, `alt`, `i18n_data`, `meta_title`, `meta_description`, `created_at`, `updated_at`) VALUES ('nccc0002-4002-4002-8002-nncccccc0002','en','Agricultural News','agricultural-news','Current news from the agriculture industry',NULL,NULL,NULL,NULL,'2026-04-13 23:18:21.576','2026-04-13 23:18:21.576');
INSERT IGNORE INTO `category_i18n` (`category_id`, `locale`, `name`, `slug`, `description`, `alt`, `i18n_data`, `meta_title`, `meta_description`, `created_at`, `updated_at`) VALUES ('nccc0002-4002-4002-8002-nncccccc0002','tr','Tarım Haberleri','tarim-haberleri','Tarım sektöründen güncel gelişmeler ve haberler',NULL,NULL,NULL,NULL,'2026-04-13 23:18:21.576','2026-04-13 23:18:21.576');
INSERT IGNORE INTO `category_i18n` (`category_id`, `locale`, `name`, `slug`, `description`, `alt`, `i18n_data`, `meta_title`, `meta_description`, `created_at`, `updated_at`) VALUES ('nccc0003-4003-4003-8003-nncccccc0003','en','Production Updates','production-updates','Latest production news from our greenhouses',NULL,NULL,NULL,NULL,'2026-04-13 23:18:21.576','2026-04-13 23:18:21.576');
INSERT IGNORE INTO `category_i18n` (`category_id`, `locale`, `name`, `slug`, `description`, `alt`, `i18n_data`, `meta_title`, `meta_description`, `created_at`, `updated_at`) VALUES ('nccc0003-4003-4003-8003-nncccccc0003','tr','Üretim Güncellemeleri','uretim-guncellemeleri','Seralarımızdan en son üretim haberleri',NULL,NULL,NULL,NULL,'2026-04-13 23:18:21.576','2026-04-13 23:18:21.576');
INSERT IGNORE INTO `category_i18n` (`category_id`, `locale`, `name`, `slug`, `description`, `alt`, `i18n_data`, `meta_title`, `meta_description`, `created_at`, `updated_at`) VALUES ('nccc0004-4004-4004-8004-nncccccc0004','en','Agricultural Tech','agricultural-tech','Modern farming techniques and technological innovations',NULL,NULL,NULL,NULL,'2026-04-13 23:18:21.576','2026-04-13 23:18:21.576');
INSERT IGNORE INTO `category_i18n` (`category_id`, `locale`, `name`, `slug`, `description`, `alt`, `i18n_data`, `meta_title`, `meta_description`, `created_at`, `updated_at`) VALUES ('nccc0004-4004-4004-8004-nncccccc0004','tr','Tarım Teknolojileri','tarim-teknolojileri','Modern tarım teknikleri ve teknolojik inovasyonlar',NULL,NULL,NULL,NULL,'2026-04-13 23:18:21.576','2026-04-13 23:18:21.576');
INSERT IGNORE INTO `category_i18n` (`category_id`, `locale`, `name`, `slug`, `description`, `alt`, `i18n_data`, `meta_title`, `meta_description`, `created_at`, `updated_at`) VALUES ('nccc0005-4005-4005-8005-nncccccc0005','en','Sustainable Farming','sustainable-farming','Eco-friendly and sustainable agricultural practices',NULL,NULL,NULL,NULL,'2026-04-13 23:18:21.576','2026-04-13 23:18:21.576');
INSERT IGNORE INTO `category_i18n` (`category_id`, `locale`, `name`, `slug`, `description`, `alt`, `i18n_data`, `meta_title`, `meta_description`, `created_at`, `updated_at`) VALUES ('nccc0005-4005-4005-8005-nncccccc0005','tr','Sürdürülebilir Tarım','surdurulebilir-tarim','Çevreci ve sürdürülebilir tarım uygulamaları',NULL,NULL,NULL,NULL,'2026-04-13 23:18:21.576','2026-04-13 23:18:21.576');

-- ── library ──────────────────────────────────────────────────────────

INSERT IGNORE INTO `library` (`id`, `type`, `category_id`, `sub_category_id`, `featured`, `is_published`, `is_active`, `display_order`, `featured_image`, `image_url`, `image_asset_id`, `views`, `download_count`, `published_at`, `created_at`, `updated_at`) VALUES ('c1111111-5001-4001-9001-cccccccc0001','catalog',NULL,NULL,1,1,1,10,'/uploads/products/23.28.37 (1).jpeg','/uploads/products/23.28.37 (1).jpeg','bf-prd-img-0073',0,0,'2026-04-13 23:18:21.637','2026-04-13 23:18:21.637','2026-04-13 23:18:21.637');
INSERT IGNORE INTO `library` (`id`, `type`, `category_id`, `sub_category_id`, `featured`, `is_published`, `is_active`, `display_order`, `featured_image`, `image_url`, `image_asset_id`, `views`, `download_count`, `published_at`, `created_at`, `updated_at`) VALUES ('c3333333-5003-4003-9003-cccccccc0003','catalog',NULL,NULL,1,1,1,30,'/uploads/products/23.28.37 (4).jpeg','/uploads/products/23.28.37 (4).jpeg','bf-prd-img-0076',0,0,'2026-04-13 23:18:21.637','2026-04-13 23:18:21.637','2026-04-13 23:18:21.637');
INSERT IGNORE INTO `library_i18n` (`id`, `library_id`, `locale`, `slug`, `name`, `description`, `image_alt`, `tags`, `meta_title`, `meta_description`, `meta_keywords`, `created_at`, `updated_at`) VALUES ('102c7205-378f-11f1-93d0-76e8d4bbd983','c1111111-5001-4001-9001-cccccccc0001','tr','sebze-fideleri-katalogu','Sebze Fideleri Kataloğu','Sebze fidesi çeşitleri, teknik bilgiler ve sipariş için katalog içeriği.','Sebze fideleri kataloğu kapağı','katalog, sebze fideleri','Sebze Fideleri Kataloğu | Bereket Fide','Sebze fidesi çeşitlerini içeren katalog.','sebze fideleri katalog','2026-04-13 23:18:21.639','2026-04-13 23:18:21.639');
INSERT IGNORE INTO `library_i18n` (`id`, `library_id`, `locale`, `slug`, `name`, `description`, `image_alt`, `tags`, `meta_title`, `meta_description`, `meta_keywords`, `created_at`, `updated_at`) VALUES ('102c76a5-378f-11f1-93d0-76e8d4bbd983','c3333333-5003-4003-9003-cccccccc0003','tr','asisli-fide-katalogu','Aşılı Fide Kataloğu','Aşılı fide çeşitleri, kullanım alanları ve ürün detayları.','Aşılı fide kataloğu kapağı','katalog, aşılı fide','Aşılı Fide Kataloğu | Bereket Fide','Aşılı fide çeşitlerini içeren katalog.','aşılı fide katalog','2026-04-13 23:18:21.639','2026-04-13 23:18:21.639');
INSERT IGNORE INTO `library_i18n` (`id`, `library_id`, `locale`, `slug`, `name`, `description`, `image_alt`, `tags`, `meta_title`, `meta_description`, `meta_keywords`, `created_at`, `updated_at`) VALUES ('102c78c2-378f-11f1-93d0-76e8d4bbd983','c1111111-5001-4001-9001-cccccccc0001','en','vegetable-seedlings-catalog','Vegetable Seedlings Catalog','Catalog featuring vegetable seedling varieties and technical details.','Vegetable seedlings catalog cover','catalog, vegetable seedlings','Vegetable Seedlings Catalog | Bereket Fide','Catalog for vegetable seedling varieties.','vegetable seedlings catalog','2026-04-13 23:18:21.639','2026-04-13 23:18:21.639');
INSERT IGNORE INTO `library_i18n` (`id`, `library_id`, `locale`, `slug`, `name`, `description`, `image_alt`, `tags`, `meta_title`, `meta_description`, `meta_keywords`, `created_at`, `updated_at`) VALUES ('102c79dc-378f-11f1-93d0-76e8d4bbd983','c3333333-5003-4003-9003-cccccccc0003','en','grafted-seedlings-catalog','Grafted Seedlings Catalog','Catalog featuring grafted seedling varieties and product details.','Grafted seedlings catalog cover','catalog, grafted seedlings','Grafted Seedlings Catalog | Bereket Fide','Catalog for grafted seedling varieties.','grafted seedlings catalog','2026-04-13 23:18:21.639','2026-04-13 23:18:21.639');
INSERT IGNORE INTO `library_i18n` (`id`, `library_id`, `locale`, `slug`, `name`, `description`, `image_alt`, `tags`, `meta_title`, `meta_description`, `meta_keywords`, `created_at`, `updated_at`) VALUES ('102c7ae2-378f-11f1-93d0-76e8d4bbd983','c1111111-5001-4001-9001-cccccccc0001','de','gemuese-setzlinge-katalog','Gemüse-Setzlinge Katalog','Katalog mit Gemüse-Setzlingssorten und technischen Details.','Titelbild des Gemüse-Setzlinge Katalogs','katalog, gemüse-setzlinge','Gemüse-Setzlinge Katalog | Bereket Fide','Katalog für Gemüse-Setzlingssorten.','gemüse setzlinge katalog','2026-04-13 23:18:21.639','2026-04-13 23:18:21.639');
INSERT IGNORE INTO `library_i18n` (`id`, `library_id`, `locale`, `slug`, `name`, `description`, `image_alt`, `tags`, `meta_title`, `meta_description`, `meta_keywords`, `created_at`, `updated_at`) VALUES ('102c7be2-378f-11f1-93d0-76e8d4bbd983','c3333333-5003-4003-9003-cccccccc0003','de','veredelte-setzlinge-katalog','Veredelte Setzlinge Katalog','Katalog mit veredelten Setzlingssorten und Produktdetails.','Titelbild des Veredelte-Setzlinge Katalogs','katalog, veredelte setzlinge','Veredelte Setzlinge Katalog | Bereket Fide','Katalog für veredelte Setzlingssorten.','veredelte setzlinge katalog','2026-04-13 23:18:21.639','2026-04-13 23:18:21.639');
INSERT IGNORE INTO `library_files` (`id`, `library_id`, `asset_id`, `file_url`, `name`, `size_bytes`, `mime_type`, `tags_json`, `display_order`, `is_active`, `created_at`, `updated_at`) VALUES ('102cca47-378f-11f1-93d0-76e8d4bbd983','c1111111-5001-4001-9001-cccccccc0001',NULL,'/uploads/offers/offer-7061d23b-2285-11f1-982c-f29618b44128.pdf','sebze-fideleri-katalogu.pdf',NULL,'application/pdf','[\"catalog\"]',10,1,'2026-04-13 23:18:21.641','2026-04-13 23:18:21.641');
INSERT IGNORE INTO `library_files` (`id`, `library_id`, `asset_id`, `file_url`, `name`, `size_bytes`, `mime_type`, `tags_json`, `display_order`, `is_active`, `created_at`, `updated_at`) VALUES ('102ccdb9-378f-11f1-93d0-76e8d4bbd983','c3333333-5003-4003-9003-cccccccc0003',NULL,'/uploads/offers/offer-7061d23b-2285-11f1-982c-f29618b44128.pdf','asili-fide-katalogu.pdf',NULL,'application/pdf','[\"catalog\"]',10,1,'2026-04-13 23:18:21.641','2026-04-13 23:18:21.641');

-- End
