-- =============================================================
-- Bereketfide Services + References — Live DB Export
-- Generated from live bereketfide DB ($(date))
-- INSERT IGNORE: safe to re-run, existing rows kept.
-- =============================================================

SET NAMES utf8mb4 COLLATE utf8mb4_unicode_ci;

-- ── services ──────────────────────────────────────────────────────────

INSERT IGNORE INTO `services` (`id`, `module_key`, `category_id`, `is_active`, `is_featured`, `display_order`, `image_url`, `storage_asset_id`, `created_at`, `updated_at`) VALUES ('sv010001-0001-4001-9001-000000000001','bereketfide',NULL,1,1,1,'/uploads/products/23.28.07%20(1).jpeg',NULL,'2026-04-13 23:18:21.593','2026-04-13 23:18:21.593');
INSERT IGNORE INTO `services` (`id`, `module_key`, `category_id`, `is_active`, `is_featured`, `display_order`, `image_url`, `storage_asset_id`, `created_at`, `updated_at`) VALUES ('sv010001-0001-4001-9001-000000000002','bereketfide',NULL,1,1,2,'/uploads/products/23.28.08%20(3).jpeg',NULL,'2026-04-13 23:18:21.597','2026-04-13 23:18:21.597');
INSERT IGNORE INTO `services` (`id`, `module_key`, `category_id`, `is_active`, `is_featured`, `display_order`, `image_url`, `storage_asset_id`, `created_at`, `updated_at`) VALUES ('sv010001-0001-4001-9001-000000000003','bereketfide',NULL,1,0,3,'/uploads/products/23.28.33.jpeg',NULL,'2026-04-13 23:18:21.602','2026-04-13 23:18:21.602');
INSERT IGNORE INTO `services` (`id`, `module_key`, `category_id`, `is_active`, `is_featured`, `display_order`, `image_url`, `storage_asset_id`, `created_at`, `updated_at`) VALUES ('sv010001-0001-4001-9001-000000000004','bereketfide',NULL,1,1,4,'/uploads/products/23.28.34.jpeg',NULL,'2026-04-13 23:18:21.606','2026-04-13 23:18:21.606');
INSERT IGNORE INTO `services` (`id`, `module_key`, `category_id`, `is_active`, `is_featured`, `display_order`, `image_url`, `storage_asset_id`, `created_at`, `updated_at`) VALUES ('sv010001-0001-4001-9001-000000000005','bereketfide',NULL,1,0,5,'/uploads/products/23.28.35.jpeg',NULL,'2026-04-13 23:18:21.610','2026-04-13 23:18:21.610');
INSERT IGNORE INTO `services` (`id`, `module_key`, `category_id`, `is_active`, `is_featured`, `display_order`, `image_url`, `storage_asset_id`, `created_at`, `updated_at`) VALUES ('sv010001-0001-4001-9001-000000000006','bereketfide',NULL,1,0,6,'/uploads/products/23.28.36.jpeg',NULL,'2026-04-13 23:18:21.613','2026-04-13 23:18:21.613');
INSERT IGNORE INTO `services_i18n` (`service_id`, `locale`, `title`, `slug`, `description`, `content`, `alt`, `tags`, `meta_title`, `meta_description`, `created_at`, `updated_at`) VALUES ('sv010001-0001-4001-9001-000000000001','en','Grafted Seedling Production','grafted-seedling-production','Production of high-yield, disease-resistant grafted seedlings with strong root structures.','<p>As Bereket Fide, we produce grafted seedlings for products such as tomato, eggplant, watermelon, and melon. Our grafted seedlings provide resistance against soil-borne diseases and increase productivity.</p>','Bereket Fide grafted seedling production','[\"grafted seedling\", \"tomato\", \"eggplant\", \"watermelon\", \"yield\"]','Grafted Seedling Production | Bereket Fide','High-yield and disease-resistant grafted seedling production services.','2026-04-13 23:18:21.595','2026-04-13 23:18:21.595');
INSERT IGNORE INTO `services_i18n` (`service_id`, `locale`, `title`, `slug`, `description`, `content`, `alt`, `tags`, `meta_title`, `meta_description`, `created_at`, `updated_at`) VALUES ('sv010001-0001-4001-9001-000000000001','tr','Aşılı Fide Üretimi','asili-fide-uretimi','Yüksek verimli, hastalıklara dayanıklı ve güçlü kök yapısına sahip aşılı fide üretimi.','<p>Bereket Fide olarak, domates, patlıcan, karpuz ve kavun gibi ürünlerde uzman kadromuzla aşılı fide üretimi gerçekleştiriyoruz. Aşılı fidelerimiz, toprak kökenli hastalıklara karşı direnç sağlar ve verimliliği artırır.</p>','Bereket Fide aşılı fide üretimi','[\"aşılı fide\", \"domates\", \"patlıcan\", \"karpuz\", \"verim\"]','Aşılı Fide Üretimi | Bereket Fide','Yüksek verimli ve hastalıklara dayanıklı aşılı fide üretimi hizmetleri.','2026-04-13 23:18:21.595','2026-04-13 23:18:21.595');
INSERT IGNORE INTO `services_i18n` (`service_id`, `locale`, `title`, `slug`, `description`, `content`, `alt`, `tags`, `meta_title`, `meta_description`, `created_at`, `updated_at`) VALUES ('sv010001-0001-4001-9001-000000000002','en','Standard Seedling Production','standard-seedling-production','Quality standard seedling production with computer-controlled systems in our modern greenhouses.','<p>We produce healthy standard seedlings with the most distinguished seeds in vegetable groups such as tomato, pepper, cucumber, and lettuce.</p>','Bereket Fide standard seedling production','[\"seedling\", \"vegetable\", \"pepper\", \"cucumber\", \"lettuce\"]','Standard Seedling Production | Bereket Fide','Healthy and quality standard vegetable seedling production.','2026-04-13 23:18:21.600','2026-04-13 23:18:21.600');
INSERT IGNORE INTO `services_i18n` (`service_id`, `locale`, `title`, `slug`, `description`, `content`, `alt`, `tags`, `meta_title`, `meta_description`, `created_at`, `updated_at`) VALUES ('sv010001-0001-4001-9001-000000000002','tr','Standart Fide Üretimi','standart-fide-uretimi','Modern seralarımızda bilgisayar kontrollü sistemlerle kaliteli standart fide üretimi.','<p>Domates, biber, hıyar ve marul gibi sebze gruplarında en seçkin tohumlarla sağlıklı standart fide üretimi yapıyoruz. Steril ortamda yetiştirilen fidelerimiz hızlı adaptasyon sağlar.</p>','Bereket Fide standart fide üretimi','[\"fide\", \"sebze\", \"biber\", \"hıyar\", \"marul\"]','Standart Fide Üretimi | Bereket Fide','Sağlıklı ve kaliteli standart sebze fidesi üretimi.','2026-04-13 23:18:21.600','2026-04-13 23:18:21.600');
INSERT IGNORE INTO `services_i18n` (`service_id`, `locale`, `title`, `slug`, `description`, `content`, `alt`, `tags`, `meta_title`, `meta_description`, `created_at`, `updated_at`) VALUES ('sv010001-0001-4001-9001-000000000003','en','Technical Support & Consulting','technical-support-consulting','Expert agricultural engineering support for our producers from planting to harvest.','<p>We provide professional consulting to our farmers on seedling planting processes, fertilization programs, and disease management.</p>','Bereket Fide technical support services','[\"consulting\", \"agricultural\", \"engineering\", \"technical support\"]','Technical Support | Bereket Fide','Agricultural engineering support and consulting for producers.','2026-04-13 23:18:21.604','2026-04-13 23:18:21.604');
INSERT IGNORE INTO `services_i18n` (`service_id`, `locale`, `title`, `slug`, `description`, `content`, `alt`, `tags`, `meta_title`, `meta_description`, `created_at`, `updated_at`) VALUES ('sv010001-0001-4001-9001-000000000003','tr','Teknik Destek ve Danışmanlık','teknik-destek-danismanlik','Dikimden hasada kadar üreticilerimize sunduğumuz uzman ziraat mühendisliği desteği.','<p>Çiftçilerimizin fide dikim süreci, gübreleme programları ve hastalık yönetimi konularında profesyonel danışmanlık sağlıyoruz. Sahadaki uzman ekibimizle verimliliğinizi koruyoruz.</p>','Bereket Fide teknik destek hizmetleri','[\"danışmanlık\", \"ziraat\", \"mühendislik\", \"teknik destek\"]','Teknik Destek | Bereket Fide','Üreticiler için ziraat mühendisliği desteği ve tarımsal danışmanlık.','2026-04-13 23:18:21.604','2026-04-13 23:18:21.604');
INSERT IGNORE INTO `services_i18n` (`service_id`, `locale`, `title`, `slug`, `description`, `content`, `alt`, `tags`, `meta_title`, `meta_description`, `created_at`, `updated_at`) VALUES ('sv010001-0001-4001-9001-000000000004','en','Logistics & Secure Delivery','logistics-secure-delivery','Delivery of your seedlings to your door with our special vehicles, preserving their freshness.','<p>We safely deliver the produced seedlings all over Turkey with our special transport vehicles equipped with suitable climate conditions.</p>','Bereket Fide logistics services','[\"logistics\", \"delivery\", \"transport\", \"secure\"]','Logistics & Delivery | Bereket Fide','Secure transport and timely delivery solutions for seedlings.','2026-04-13 23:18:21.608','2026-04-13 23:18:21.608');
INSERT IGNORE INTO `services_i18n` (`service_id`, `locale`, `title`, `slug`, `description`, `content`, `alt`, `tags`, `meta_title`, `meta_description`, `created_at`, `updated_at`) VALUES ('sv010001-0001-4001-9001-000000000004','tr','Lojistik ve Güvenli Teslimat','lojistik-guvenli-teslimat','Fidelerinizin tazeliğini koruyarak özel araçlarımızla kapınıza kadar teslimatı.','<p>Üretilen fideleri, uygun iklim koşullarına sahip özel nakliye araçlarımızla Türkiye\'nin her yerine güvenle ulaştırıyoruz.</p>','Bereket Fide lojistik hizmetleri','[\"lojistik\", \"teslimat\", \"nakliye\", \"güvenli\"]','Lojistik ve Teslimat | Bereket Fide','Fideler için güvenli nakliye ve zamanında teslimat çözümleri.','2026-04-13 23:18:21.608','2026-04-13 23:18:21.608');
INSERT IGNORE INTO `services_i18n` (`service_id`, `locale`, `title`, `slug`, `description`, `content`, `alt`, `tags`, `meta_title`, `meta_description`, `created_at`, `updated_at`) VALUES ('sv010001-0001-4001-9001-000000000005','en','Contract Manufacturing','contract-manufacturing','Planned and programmed contract seedling production solutions for large-scale agricultural enterprises.','<p>By planning the quantity and variety of seedlings required by your business in advance, we produce at the most affordable cost and highest quality standards.</p>','Bereket Fide contract manufacturing','[\"contract\", \"manufacturing\", \"planning\", \"agricultural\"]','Contract Manufacturing | Bereket Fide','Professional contract seedling production services for agricultural enterprises.','2026-04-13 23:18:21.611','2026-04-13 23:18:21.611');
INSERT IGNORE INTO `services_i18n` (`service_id`, `locale`, `title`, `slug`, `description`, `content`, `alt`, `tags`, `meta_title`, `meta_description`, `created_at`, `updated_at`) VALUES ('sv010001-0001-4001-9001-000000000005','tr','Sözleşmeli Üretim','sozlesmeli-uretim','Büyük ölçekli tarım işletmeleri için planlı ve programlı sözleşmeli fide üretimi çözümleri.','<p>İşletmenizin ihtiyaç duyduğu fide miktarını ve çeşidini önceden planlayarak, en uygun maliyet ve en yüksek kalite standartlarında üretim yapıyoruz.</p>','Bereket Fide sözleşmeli üretim','[\"sözleşmeli\", \"üretim\", \"planlama\", \"tarım\"]','Sözleşmeli Üretim | Bereket Fide','Tarım işletmeleri için profesyonel sözleşmeli fide üretimi hizmetleri.','2026-04-13 23:18:21.611','2026-04-13 23:18:21.611');
INSERT IGNORE INTO `services_i18n` (`service_id`, `locale`, `title`, `slug`, `description`, `content`, `alt`, `tags`, `meta_title`, `meta_description`, `created_at`, `updated_at`) VALUES ('sv010001-0001-4001-9001-000000000006','en','Variety Trials & Breeding','variety-trials-breeding','Scientific trial production for local adaptation of new seed varieties.','<p>By collaborating with seed companies and producers, we test the yield and resistance performance of newly developed varieties in our modern greenhouses.</p>','Bereket Fide variety trials','[\"trials\", \"breeding\", \"seed\", \"innovation\"]','Variety Trials & Breeding | Bereket Fide','Trial production and breeding studies for new vegetable varieties.','2026-04-13 23:18:21.616','2026-04-13 23:18:21.616');
INSERT IGNORE INTO `services_i18n` (`service_id`, `locale`, `title`, `slug`, `description`, `content`, `alt`, `tags`, `meta_title`, `meta_description`, `created_at`, `updated_at`) VALUES ('sv010001-0001-4001-9001-000000000006','tr','Özel Çeşit Denemeleri','ozel-cesit-denemeleri','Yeni tohum çeşitlerinin bölge şartlarına uyumu için gerçekleştirdiğimiz bilimsel deneme üretimi.','<p>Tohum firmaları ve üreticilerle iş birliği yaparak, yeni geliştirilen çeşitlerin verim ve direnç performanslarını modern seralarımızda test ediyoruz.</p>','Bereket Fide özel çeşit denemeleri','[\"deneme\", \"islah\", \"tohum\", \"inovasyon\"]','Özel Çeşit Denemeleri | Bereket Fide','Yeni sebze çeşitleri için deneme üretimi ve ıslah çalışmaları.','2026-04-13 23:18:21.616','2026-04-13 23:18:21.616');

-- ── references ──────────────────────────────────────────────────────────

INSERT IGNORE INTO `references` (`id`, `is_published`, `is_featured`, `display_order`, `featured_image`, `featured_image_asset_id`, `website_url`, `category_id`, `created_at`, `updated_at`) VALUES ('c1000001-1111-4111-8111-c10000000001',1,1,10,'/uploads/brand_references/enzazaden.jpg',NULL,'https://www.enzazaden.com',NULL,'2026-04-13 23:18:21.625','2026-04-13 23:18:21.625');
INSERT IGNORE INTO `references` (`id`, `is_published`, `is_featured`, `display_order`, `featured_image`, `featured_image_asset_id`, `website_url`, `category_id`, `created_at`, `updated_at`) VALUES ('c1000002-1111-4111-8111-c10000000002',1,1,20,'/uploads/brand_references/rijkzwaan.jpg',NULL,'https://www.rijkzwaan.com',NULL,'2026-04-13 23:18:21.625','2026-04-13 23:18:21.625');
INSERT IGNORE INTO `references` (`id`, `is_published`, `is_featured`, `display_order`, `featured_image`, `featured_image_asset_id`, `website_url`, `category_id`, `created_at`, `updated_at`) VALUES ('c1000003-1111-4111-8111-c10000000003',1,1,30,'/uploads/brand_references/seminis.jpg',NULL,'https://www.seminis.com',NULL,'2026-04-13 23:18:21.625','2026-04-13 23:18:21.625');
INSERT IGNORE INTO `references` (`id`, `is_published`, `is_featured`, `display_order`, `featured_image`, `featured_image_asset_id`, `website_url`, `category_id`, `created_at`, `updated_at`) VALUES ('c1000004-1111-4111-8111-c10000000004',1,1,40,'/uploads/brand_references/sakata.png',NULL,'https://www.sakata.com',NULL,'2026-04-13 23:18:21.625','2026-04-13 23:18:21.625');
INSERT IGNORE INTO `references` (`id`, `is_published`, `is_featured`, `display_order`, `featured_image`, `featured_image_asset_id`, `website_url`, `category_id`, `created_at`, `updated_at`) VALUES ('c1000005-1111-4111-8111-c10000000005',1,1,50,'/uploads/brand_references/nunhems.png',NULL,'https://www.nunhems.com',NULL,'2026-04-13 23:18:21.625','2026-04-13 23:18:21.625');
INSERT IGNORE INTO `references` (`id`, `is_published`, `is_featured`, `display_order`, `featured_image`, `featured_image_asset_id`, `website_url`, `category_id`, `created_at`, `updated_at`) VALUES ('c1000006-1111-4111-8111-c10000000006',1,1,60,'/uploads/brand_references/hmclause.png',NULL,'https://www.hmclause.com',NULL,'2026-04-13 23:18:21.625','2026-04-13 23:18:21.625');
INSERT IGNORE INTO `references` (`id`, `is_published`, `is_featured`, `display_order`, `featured_image`, `featured_image_asset_id`, `website_url`, `category_id`, `created_at`, `updated_at`) VALUES ('c1000007-1111-4111-8111-c10000000007',1,1,70,'/uploads/brand_references/genetika.png',NULL,'https://www.genetikatohum.com',NULL,'2026-04-13 23:18:21.625','2026-04-13 23:18:21.625');
INSERT IGNORE INTO `references` (`id`, `is_published`, `is_featured`, `display_order`, `featured_image`, `featured_image_asset_id`, `website_url`, `category_id`, `created_at`, `updated_at`) VALUES ('c1000008-1111-4111-8111-c10000000008',1,1,80,'/uploads/brand_references/yukseltohum.jpg',NULL,'https://www.yukseltohum.com.tr',NULL,'2026-04-13 23:18:21.625','2026-04-13 23:18:21.625');
INSERT IGNORE INTO `references` (`id`, `is_published`, `is_featured`, `display_order`, `featured_image`, `featured_image_asset_id`, `website_url`, `category_id`, `created_at`, `updated_at`) VALUES ('c1000009-1111-4111-8111-c10000000009',1,1,90,'/uploads/brand_references/anamas.jpeg',NULL,'https://www.anamas.com.tr',NULL,'2026-04-13 23:18:21.625','2026-04-13 23:18:21.625');
INSERT IGNORE INTO `references` (`id`, `is_published`, `is_featured`, `display_order`, `featured_image`, `featured_image_asset_id`, `website_url`, `category_id`, `created_at`, `updated_at`) VALUES ('c1000010-1111-4111-8111-c10000000010',1,1,100,'/uploads/brand_references/vistaseed_logo.png',NULL,'https://www.vistaseeds.com.tr',NULL,'2026-04-13 23:18:21.625','2026-04-13 23:18:21.625');
INSERT IGNORE INTO `references_i18n` (`id`, `reference_id`, `locale`, `title`, `slug`, `summary`, `content`, `featured_image_alt`, `meta_title`, `meta_description`, `created_at`, `updated_at`) VALUES ('c2000001-1111-4111-8111-c20000000001','c1000001-1111-4111-8111-c10000000001','tr','Enza Zaden','enza-zaden','Sebze tohumu alaninda dunya lideri Hollandali uretici firma.','{\"html\": \"<p>Cozum ortaklarimizdan biridir.</p>\"}','Enza Zaden logosu','Enza Zaden referansi','Bereket Fide is birlikleri.','2026-04-13 23:18:21.629','2026-04-13 23:18:21.629');
INSERT IGNORE INTO `references_i18n` (`id`, `reference_id`, `locale`, `title`, `slug`, `summary`, `content`, `featured_image_alt`, `meta_title`, `meta_description`, `created_at`, `updated_at`) VALUES ('c2000002-1111-4111-8111-c20000000002','c1000002-1111-4111-8111-c10000000002','tr','Rijk Zwaan','rijk-zwaan','Yuksek kaliteli hibrit sebze tohumcusu olarak tercih ettigimiz marka.','{\"html\": \"<p>Cozum ortaklarimizdan biridir.</p>\"}','Rijk Zwaan logosu','Rijk Zwaan referansi','Bereket Fide is birlikleri.','2026-04-13 23:18:21.629','2026-04-13 23:18:21.629');
INSERT IGNORE INTO `references_i18n` (`id`, `reference_id`, `locale`, `title`, `slug`, `summary`, `content`, `featured_image_alt`, `meta_title`, `meta_description`, `created_at`, `updated_at`) VALUES ('c2000003-1111-4111-8111-c20000000003','c1000003-1111-4111-8111-c10000000003','tr','Seminis','seminis','Bayer buyumesi altinda faaliyet gosteren kuresel sebze tohumu markasidir.','{\"html\": \"<p>Cozum ortaklarimizdan biridir.</p>\"}','Seminis logosu','Seminis referansi','Bereket Fide is birlikleri.','2026-04-13 23:18:21.629','2026-04-13 23:18:21.629');
INSERT IGNORE INTO `references_i18n` (`id`, `reference_id`, `locale`, `title`, `slug`, `summary`, `content`, `featured_image_alt`, `meta_title`, `meta_description`, `created_at`, `updated_at`) VALUES ('c2000004-1111-4111-8111-c20000000004','c1000004-1111-4111-8111-c10000000004','tr','Sakata','sakata','Japonya kokenli, dunya genelinde taninmis sebze ve cicek tohumcusu.','{\"html\": \"<p>Cozum ortaklarimizdan biridir.</p>\"}','Sakata logosu','Sakata referansi','Bereket Fide is birlikleri.','2026-04-13 23:18:21.629','2026-04-13 23:18:21.629');
INSERT IGNORE INTO `references_i18n` (`id`, `reference_id`, `locale`, `title`, `slug`, `summary`, `content`, `featured_image_alt`, `meta_title`, `meta_description`, `created_at`, `updated_at`) VALUES ('c2000005-1111-4111-8111-c20000000005','c1000005-1111-4111-8111-c10000000005','tr','Nunhems','nunhems','BASF bunyesindeki uretici, sebze islah alaninda one cikan is birligimiz.','{\"html\": \"<p>Cozum ortaklarimizdan biridir.</p>\"}','Nunhems logosu','Nunhems referansi','Bereket Fide is birlikleri.','2026-04-13 23:18:21.629','2026-04-13 23:18:21.629');
INSERT IGNORE INTO `references_i18n` (`id`, `reference_id`, `locale`, `title`, `slug`, `summary`, `content`, `featured_image_alt`, `meta_title`, `meta_description`, `created_at`, `updated_at`) VALUES ('c2000006-1111-4111-8111-c20000000006','c1000006-1111-4111-8111-c10000000006','tr','HM.Clause','hmclause','Limagrain grubu ureticisi, Akdeniz iklim kusagi icin ozel cesitler sunar.','{\"html\": \"<p>Cozum ortaklarimizdan biridir.</p>\"}','HM.Clause logosu','HM.Clause referansi','Bereket Fide is birlikleri.','2026-04-13 23:18:21.629','2026-04-13 23:18:21.629');
INSERT IGNORE INTO `references_i18n` (`id`, `reference_id`, `locale`, `title`, `slug`, `summary`, `content`, `featured_image_alt`, `meta_title`, `meta_description`, `created_at`, `updated_at`) VALUES ('c2000007-1111-4111-8111-c20000000007','c1000007-1111-4111-8111-c10000000007','tr','Genetika','genetika','Tumuyle yerli islah calismalariyla one cikan Turk tohum firmasidir.','{\"html\": \"<p>Cozum ortaklarimizdan biridir.</p>\"}','Genetika logosu','Genetika referansi','Bereket Fide is birlikleri.','2026-04-13 23:18:21.629','2026-04-13 23:18:21.629');
INSERT IGNORE INTO `references_i18n` (`id`, `reference_id`, `locale`, `title`, `slug`, `summary`, `content`, `featured_image_alt`, `meta_title`, `meta_description`, `created_at`, `updated_at`) VALUES ('c2000008-1111-4111-8111-c20000000008','c1000008-1111-4111-8111-c10000000008','tr','Yuksel Tohum','yuksel-tohum','Turkiye kokenli, sebze ve sanayi bitkisi tohumculugunda lider is birligimiz.','{\"html\": \"<p>Cozum ortaklarimizdan biridir.</p>\"}','Yuksel Tohum logosu','Yuksel Tohum referansi','Bereket Fide is birlikleri.','2026-04-13 23:18:21.629','2026-04-13 23:18:21.629');
INSERT IGNORE INTO `references_i18n` (`id`, `reference_id`, `locale`, `title`, `slug`, `summary`, `content`, `featured_image_alt`, `meta_title`, `meta_description`, `created_at`, `updated_at`) VALUES ('c2000009-1111-4111-8111-c20000000009','c1000009-1111-4111-8111-c10000000009','tr','Anamas','anamas','Akdeniz bolgesi baslangiclı, kaliteli sebze tohumu uretimi yapan firma.','{\"html\": \"<p>Cozum ortaklarimizdan biridir.</p>\"}','Anamas logosu','Anamas referansi','Bereket Fide is birlikleri.','2026-04-13 23:18:21.629','2026-04-13 23:18:21.629');
INSERT IGNORE INTO `references_i18n` (`id`, `reference_id`, `locale`, `title`, `slug`, `summary`, `content`, `featured_image_alt`, `meta_title`, `meta_description`, `created_at`, `updated_at`) VALUES ('c2000010-1111-4111-8111-c20000000010','c1000010-1111-4111-8111-c10000000010','tr','VistaSeed','vistaseed','Ekosistem icerisindeki stratejik tohum partnerimiz, yuksek verimli cesitler.','{\"html\": \"<p>Cozum ortaklarimizdan biridir.</p>\"}','VistaSeed logosu','VistaSeed referansi','Bereket Fide is birlikleri.','2026-04-13 23:18:21.629','2026-04-13 23:18:21.629');
INSERT IGNORE INTO `references_i18n` (`id`, `reference_id`, `locale`, `title`, `slug`, `summary`, `content`, `featured_image_alt`, `meta_title`, `meta_description`, `created_at`, `updated_at`) VALUES ('c2000011-1111-4111-8111-c20000000011','c1000001-1111-4111-8111-c10000000001','en','Enza Zaden','enza-zaden','World-leading Dutch vegetable seed producer and key solution partner.','{\"html\": \"<p>One of our solution partners.</p>\"}','Enza Zaden logo','Enza Zaden reference','Bereket Fide collaborations.','2026-04-13 23:18:21.629','2026-04-13 23:18:21.629');
INSERT IGNORE INTO `references_i18n` (`id`, `reference_id`, `locale`, `title`, `slug`, `summary`, `content`, `featured_image_alt`, `meta_title`, `meta_description`, `created_at`, `updated_at`) VALUES ('c2000012-1111-4111-8111-c20000000012','c1000002-1111-4111-8111-c10000000002','en','Rijk Zwaan','rijk-zwaan','Premium hybrid vegetable seed brand trusted for consistent quality.','{\"html\": \"<p>One of our solution partners.</p>\"}','Rijk Zwaan logo','Rijk Zwaan reference','Bereket Fide collaborations.','2026-04-13 23:18:21.629','2026-04-13 23:18:21.629');
INSERT IGNORE INTO `references_i18n` (`id`, `reference_id`, `locale`, `title`, `slug`, `summary`, `content`, `featured_image_alt`, `meta_title`, `meta_description`, `created_at`, `updated_at`) VALUES ('c2000013-1111-4111-8111-c20000000013','c1000003-1111-4111-8111-c10000000003','en','Seminis','seminis','Global vegetable seed brand operating under the Bayer group.','{\"html\": \"<p>One of our solution partners.</p>\"}','Seminis logo','Seminis reference','Bereket Fide collaborations.','2026-04-13 23:18:21.629','2026-04-13 23:18:21.629');
INSERT IGNORE INTO `references_i18n` (`id`, `reference_id`, `locale`, `title`, `slug`, `summary`, `content`, `featured_image_alt`, `meta_title`, `meta_description`, `created_at`, `updated_at`) VALUES ('c2000014-1111-4111-8111-c20000000014','c1000004-1111-4111-8111-c10000000004','en','Sakata','sakata','Japanese-origin global producer of vegetable and flower seeds.','{\"html\": \"<p>One of our solution partners.</p>\"}','Sakata logo','Sakata reference','Bereket Fide collaborations.','2026-04-13 23:18:21.629','2026-04-13 23:18:21.629');
INSERT IGNORE INTO `references_i18n` (`id`, `reference_id`, `locale`, `title`, `slug`, `summary`, `content`, `featured_image_alt`, `meta_title`, `meta_description`, `created_at`, `updated_at`) VALUES ('c2000015-1111-4111-8111-c20000000015','c1000005-1111-4111-8111-c10000000005','en','Nunhems','nunhems','BASF subsidiary known for advanced vegetable breeding programs.','{\"html\": \"<p>One of our solution partners.</p>\"}','Nunhems logo','Nunhems reference','Bereket Fide collaborations.','2026-04-13 23:18:21.629','2026-04-13 23:18:21.629');
INSERT IGNORE INTO `references_i18n` (`id`, `reference_id`, `locale`, `title`, `slug`, `summary`, `content`, `featured_image_alt`, `meta_title`, `meta_description`, `created_at`, `updated_at`) VALUES ('c2000016-1111-4111-8111-c20000000016','c1000006-1111-4111-8111-c10000000006','en','HM.Clause','hmclause','Limagrain group producer offering varieties tailored for Mediterranean climates.','{\"html\": \"<p>One of our solution partners.</p>\"}','HM.Clause logo','HM.Clause reference','Bereket Fide collaborations.','2026-04-13 23:18:21.629','2026-04-13 23:18:21.629');
INSERT IGNORE INTO `references_i18n` (`id`, `reference_id`, `locale`, `title`, `slug`, `summary`, `content`, `featured_image_alt`, `meta_title`, `meta_description`, `created_at`, `updated_at`) VALUES ('c2000017-1111-4111-8111-c20000000017','c1000007-1111-4111-8111-c10000000007','en','Genetika','genetika','Turkish seed company focused entirely on domestic breeding research.','{\"html\": \"<p>One of our solution partners.</p>\"}','Genetika logo','Genetika reference','Bereket Fide collaborations.','2026-04-13 23:18:21.629','2026-04-13 23:18:21.629');
INSERT IGNORE INTO `references_i18n` (`id`, `reference_id`, `locale`, `title`, `slug`, `summary`, `content`, `featured_image_alt`, `meta_title`, `meta_description`, `created_at`, `updated_at`) VALUES ('c2000018-1111-4111-8111-c20000000018','c1000008-1111-4111-8111-c10000000008','en','Yuksel Tohum','yuksel-tohum','Turkish seed industry leader in vegetable and industrial crop varieties.','{\"html\": \"<p>One of our solution partners.</p>\"}','Yuksel Tohum logo','Yuksel Tohum reference','Bereket Fide collaborations.','2026-04-13 23:18:21.629','2026-04-13 23:18:21.629');
INSERT IGNORE INTO `references_i18n` (`id`, `reference_id`, `locale`, `title`, `slug`, `summary`, `content`, `featured_image_alt`, `meta_title`, `meta_description`, `created_at`, `updated_at`) VALUES ('c2000019-1111-4111-8111-c20000000019','c1000009-1111-4111-8111-c10000000009','en','Anamas','anamas','Mediterranean-based quality vegetable seed producer and our trusted partner.','{\"html\": \"<p>One of our solution partners.</p>\"}','Anamas logo','Anamas reference','Bereket Fide collaborations.','2026-04-13 23:18:21.629','2026-04-13 23:18:21.629');
INSERT IGNORE INTO `references_i18n` (`id`, `reference_id`, `locale`, `title`, `slug`, `summary`, `content`, `featured_image_alt`, `meta_title`, `meta_description`, `created_at`, `updated_at`) VALUES ('c2000020-1111-4111-8111-c20000000020','c1000010-1111-4111-8111-c10000000010','en','VistaSeed','vistaseed','Strategic seed partner within our ecosystem, offering high-yield varieties.','{\"html\": \"<p>One of our solution partners.</p>\"}','VistaSeed logo','VistaSeed reference','Bereket Fide collaborations.','2026-04-13 23:18:21.629','2026-04-13 23:18:21.629');

-- End
